{
  "ABBOT": [
    45.1861441,
    -69.4524184
  ],
  "ACTON": [
    43.534612,
    -70.909882
  ],
  "ADDISON": [
    44.618822,
    -67.744446
  ],
  "ALBION": [
    44.532738,
    -69.443207
  ],
  "ALNA": [
    44.0800341,
    -69.6178847
  ],
  "AMHERST": [
    44.8324273,
    -68.3640724
  ],
  "ANDOVER": [
    44.6356741,
    -70.7511811
  ],
  "ANSON": [
    44.798403,
    -69.889526
  ],
  "ASHLAND": [
    46.6309153,
    -68.4037273
  ],
  "ATHENS": [
    44.923488,
    -69.673233
  ],
  "AUBURN": [
    44.0965374,
    -70.2249487
  ],
  "AUGUSTA": [
    44.3158847,
    -69.7738995
  ],
  "AURORA": [
    44.8542374,
    -68.3280757
  ],
  "AVON": [
    44.806199,
    -70.271301
  ],
  "BAILEYVILLE": [
    45.1549515,
    -67.4050134
  ],
  "BANGOR": [
    44.8016255,
    -68.7713289
  ],
  "BAR HARBOR": [
    44.3876378,
    -68.2043361
  ],
  "BASS HARBOR": [
    44.2400807,
    -68.343906
  ],
  "BATH": [
    43.9133661,
    -69.8140298
  ],
  "BEAR ISLAND": [
    44.2838359,
    -68.2685742
  ],
  "BEDDINGTON": [
    44.8481283,
    -68.0619547
  ],
  "BELFAST": [
    44.4261759,
    -69.0065207
  ],
  "BELGRADE": [
    44.447507,
    -69.833221
  ],
  "BENTON": [
    44.586177,
    -69.5508779
  ],
  "BETHEL": [
    44.4059351,
    -70.7900666
  ],
  "BIDDEFORD": [
    43.4925843,
    -70.4533844
  ],
  "BINGHAM": [
    45.0588897,
    -69.8822288
  ],
  "BLUE HILL": [
    44.413027,
    -68.5880555
  ],
  "BOOTHBAY": [
    43.8762661,
    -69.6340697
  ],
  "BOOTHBAY HARBOR": [
    43.8516523,
    -69.6280608
  ],
  "BOWDOIN": [
    44.0364973,
    -69.9720794
  ],
  "BOWDOINHAM": [
    44.0098907,
    -69.8969355
  ],
  "BOWERBANK": [
    45.2728298,
    -69.2119893
  ],
  "BRADFORD": [
    45.066731,
    -68.937836
  ],
  "BRIDGTON": [
    44.0543839,
    -70.7088701
  ],
  "BRIGHTON PLANTATION": [
    45.0471386,
    -69.6959036
  ],
  "BRISTOL": [
    43.9572772,
    -69.5091165
  ],
  "BROOKLIN": [
    44.266137,
    -68.5690623
  ],
  "BROOKS": [
    44.550356,
    -69.12117
  ],
  "BROOKSVILLE": [
    44.346931,
    -68.683777
  ],
  "BROOKTON": [
    45.5297905,
    -67.7655624
  ],
  "BROWNFIELD": [
    43.938451,
    -70.909195
  ],
  "BROWNVILLE": [
    45.3064361,
    -69.0359806
  ],
  "BRUNSWICK": [
    43.9166529,
    -69.9659438
  ],
  "BRYANT POND": [
    44.3784001,
    -70.6458987
  ],
  "BUCKFIELD": [
    44.289944,
    -70.365372
  ],
  "BUCKSPORT": [
    44.5718672,
    -68.7942156
  ],
  "BURLINGTON": [
    45.2092264,
    -68.4266876
  ],
  "BUSTINS ISLAND": [
    43.8001579,
    -70.0709659
  ],
  "BUXTON": [
    43.612404,
    -70.540878
  ],
  "CALAIS": [
    45.1890175,
    -67.2781391
  ],
  "CAMBRIDGE": [
    45.024524,
    -69.474106
  ],
  "CANAAN": [
    44.7630602,
    -69.5596522
  ],
  "CANTON": [
    44.440644,
    -70.315933
  ],
  "CARATUNK": [
    45.2339509,
    -69.9916217
  ],
  "CARIBOU": [
    46.8606301,
    -68.0116807
  ],
  "CARMEL": [
    44.7975688,
    -69.0511537
  ],
  "CARRABASSETT": [
    44.7144782,
    -69.5858561
  ],
  "CARY PLANTATION": [
    45.9833592,
    -67.80502
  ],
  "CASCO": [
    44.0060823,
    -70.5225313
  ],
  "CASTINE": [
    44.3878303,
    -68.7966248
  ],
  "CHARLESTON": [
    45.0850615,
    -69.0405949
  ],
  "CHARLOTTE": [
    45.0052019,
    -67.2747434
  ],
  "CHEBEAGUE ISLAND": [
    43.7402793,
    -70.1076068
  ],
  "CHERRYFIELD": [
    44.6072991,
    -67.9258366
  ],
  "CHESUNCOOK": [
    46.0603181,
    -69.4094996
  ],
  "CLAYTON LAKE": [
    46.6108333,
    -69.5222222
  ],
  "CLINTON": [
    44.6371378,
    -69.5028049
  ],
  "COLUMBIA FALLS": [
    44.6537811,
    -67.727369
  ],
  "COOS": [
    44.7202225,
    -70.6322367
  ],
  "CORINNA": [
    44.921543,
    -69.261932
  ],
  "CORINTH": [
    45.0037427,
    -69.0234445
  ],
  "CORNISH": [
    43.804801,
    -70.801392
  ],
  "CRANBERRY ISLES": [
    44.248642,
    -68.260803
  ],
  "CUSHING": [
    44.019484,
    -69.23996
  ],
  "CUTLER": [
    44.6573652,
    -67.2038307
  ],
  "DAMARISCOTTA": [
    44.0327531,
    -69.5315214
  ],
  "DANFORTH": [
    45.6585807,
    -67.8668025
  ],
  "DEDHAM": [
    44.6917397,
    -68.6619754
  ],
  "DEER ISLE": [
    44.224044,
    -68.677597
  ],
  "DETROIT": [
    44.793044,
    -69.296951
  ],
  "DEXTER": [
    45.0241454,
    -69.2900028
  ],
  "DIXFIELD": [
    44.5312668,
    -70.4569591
  ],
  "DIXMONT": [
    44.6807232,
    -69.1631738
  ],
  "DOVER FOXCROFT": [
    45.183489,
    -69.2276
  ],
  "DOVER-FOXCROFT": [
    45.183489,
    -69.2276
  ],
  "DRESDEN": [
    44.1076042,
    -69.7244484
  ],
  "DURHAM": [
    43.9750586,
    -70.123891
  ],
  "EAST ANDOVER": [
    44.6163895,
    -70.7151944
  ],
  "EAST HANCOCK COUNTY": [
    44.4177376,
    -68.5229066
  ],
  "EAST LEBANON": [
    43.4125819,
    -70.8672827
  ],
  "EAST LIVERMORE": [
    44.413122,
    -70.1439453
  ],
  "EAST MACHIAS": [
    44.739244,
    -67.3899904
  ],
  "EAST MILLINOCKET": [
    45.6270309,
    -68.574518
  ],
  "EAST WATERBORO": [
    43.5730438,
    -70.6811987
  ],
  "EASTBROOK": [
    44.6786857,
    -68.2644618
  ],
  "EASTPORT": [
    44.9050394,
    -66.9846372
  ],
  "EDDINGTON": [
    44.8261817,
    -68.6933667
  ],
  "EDGECOMB": [
    43.9586733,
    -69.6304341
  ],
  "ELLSWORTH": [
    44.5414596,
    -68.4243599
  ],
  "ETNA": [
    44.8160228,
    -69.1168303
  ],
  "EUSTIS": [
    45.2172755,
    -70.4784009
  ],
  "EXETER": [
    44.9701457,
    -69.1411252
  ],
  "FAIRFIELD": [
    44.588511,
    -69.599075
  ],
  "FARMINGTON": [
    44.671094,
    -70.151825
  ],
  "FORT KENT": [
    47.2559046,
    -68.5904597
  ],
  "FRANKLIN": [
    44.916814,
    -70.4395797
  ],
  "FREEDOM": [
    44.53078,
    -69.298325
  ],
  "FREEPORT": [
    43.857307,
    -70.10376
  ],
  "FRENCHBORO": [
    44.1181384,
    -68.3625166
  ],
  "FRENCHVILLE": [
    47.281092,
    -68.38028
  ],
  "FRIENDSHIP": [
    43.983922,
    -69.33403
  ],
  "FRYEBURG": [
    44.0165424,
    -70.9810769
  ],
  "GARDINER": [
    44.2296662,
    -69.7731429
  ],
  "GARLAND": [
    45.0383951,
    -69.1603205
  ],
  "GORHAM": [
    43.6797334,
    -70.4429592
  ],
  "GOULDSBORO": [
    44.4086184,
    -68.0262645
  ],
  "GRAND LAKE STREAM": [
    45.1788905,
    -67.7750251
  ],
  "GRAY": [
    43.8860922,
    -70.3303592
  ],
  "GREENBUSH": [
    45.0803409,
    -68.6508636
  ],
  "GREENE": [
    44.189794,
    -70.1403312
  ],
  "GREENVILLE": [
    45.458955,
    -69.5916835
  ],
  "GREENVILLE JUNCTION": [
    45.4608797,
    -69.6161662
  ],
  "GREENWOOD": [
    44.318444,
    -70.651016
  ],
  "GUILFORD": [
    45.167447,
    -69.3855958
  ],
  "HAMPDEN": [
    44.7445159,
    -68.836982
  ],
  "HANCOCK": [
    44.7135397,
    -68.2994753
  ],
  "HANOVER": [
    44.496995,
    -70.694275
  ],
  "HARBORSIDE": [
    44.3489626,
    -68.8155677
  ],
  "HARMONY": [
    44.974028,
    -69.546204
  ],
  "HARPSWELL": [
    43.7995474,
    -69.9876715
  ],
  "HARRINGTON": [
    44.61931,
    -67.810364
  ],
  "HARRISON": [
    44.110761,
    -70.679855
  ],
  "HARTLAND": [
    44.8831798,
    -69.4476611
  ],
  "HEBRON": [
    44.198194,
    -70.407008
  ],
  "HIRAM": [
    43.8787168,
    -70.8031838
  ],
  "HOLLIS": [
    43.604293,
    -70.5918789
  ],
  "HOPE": [
    44.265363,
    -69.158936
  ],
  "HOULTON": [
    46.1251286,
    -67.8407944
  ],
  "HOWLAND": [
    45.2420787,
    -68.6567209
  ],
  "HUDSON": [
    45.0011783,
    -68.8805923
  ],
  "ISLE AU HAUT": [
    44.0753601,
    -68.6333583
  ],
  "ISLESBORO": [
    44.3084113,
    -68.9033651
  ],
  "ISLESFORD": [
    44.2619065,
    -68.2352272
  ],
  "JACKMAN": [
    45.6237632,
    -70.2539833
  ],
  "JAY": [
    44.4809657,
    -70.1984813
  ],
  "JEFFERSON": [
    44.2010243,
    -69.4564123
  ],
  "JONESPORT": [
    44.533227,
    -67.598877
  ],
  "KENDUSKEAG": [
    44.920084,
    -68.931656
  ],
  "KENTS HILL": [
    44.4050671,
    -70.0008869
  ],
  "KINGFIELD": [
    44.959454,
    -70.154572
  ],