{"MACHIAS": [44.7143592, -67.4582679], "GREENVILLE": [34.851354, -82.3984882], "BRIDGTON": [44.0543839, -70.7088701], "MONHEGAN": [43.7631886, -69.3204866], "DAMARISCOTTA": [44.0327531, -69.5315214], "CALAIS": [45.1890175, -67.2781391], "ELLSWORTH": [38.6942009, -98.2149289], "WATERVILLE": [44.5505773, -69.6303174], "CARRABASSETT": [44.7144782, -69.5858561], "LINCOLN": [40.8088861, -96.7077751], "CASCO": [42.7525317, -82.6715845], "SANFORD": [35.4798757, -79.1802994], "BANGOR": [44.8016255, -68.7713289], "DOVER-FOXCROFT": [45.183489, -69.2276], "NAPLES": [26.1421976, -81.7942944], "SKOWHEGAN": [44.7650773, -69.7193802], "PRESQUE ISLE": [45.3375258, -83.9567881], "MILLINOCKET": [45.6565049, -68.7091349], "MINOT": [48.23251, -101.296273], "CARIBOU": [42.780196, -111.6052607], "BROWNVILLE": [44.007003, -75.984092], "LOVELL": [44.127028, -70.892029], "LEWISTON": [44.0990717, -70.2177099], "NORTH WATERFORD": [44.2318293, -70.7689662], "CARATUNK": [45.2339509, -69.9916217], "BRUNSWICK": [36.7788996, -77.8670883], "DEXTER": [41.5165588, -94.2282377], "FRYEBURG": [44.0165424, -70.9810769], "RUMFORD": [44.5460049, -70.5458422], "FARMINGTON": [44.6402434, -93.1435497], "HOULTON": [46.1251286, -67.8407944], "NORTH CONWAY": [44.037776, -71.1238246], "VINALHAVEN": [44.0481374, -68.8316985], "CRANBERRY ISLES": [44.248642, -68.260803], "NEW SHARON": [41.4697362, -92.6514305], "BELGRADE": [45.773279, -111.184535], "JACKMAN": [45.6237632, -70.2539833], "EAST ANDOVER": [44.6163895, -70.7151944], "WINDSOR": [41.8525984, -72.6437022], "PITTSFIELD": [42.4484778, -73.2541069], "WISCASSET": [44.0024834, -69.6647753], "CORINNA": [44.921543, -69.261932], "UPTON": [31.3720387, -102.0386055], "HOWLAND": [0.8068843, -176.617471], "LITTLETON": [39.613321, -105.016649], "SUTTON ISLAND": [44.273201, -68.2580776], "OTISFIELD": [44.091355, -70.5353025], "KINGFIELD": [44.959454, -70.154572], "LEVANT": [44.869496, -68.935089], "WOLFEBORO": [43.5820331, -71.2027956], "NORTH WOODSTOCK": [44.0313095, -71.6868203], "CLINTON": [41.2711458, -77.6984481], "WATERBORO": [43.5359817, -70.714599], "BRYANT POND": [44.3784001, -70.6458987], "NORTH BERWICK": [43.3038398, -70.7330239], "HARMONY": [43.555189, -92.010176], "OWLS HEAD": [44.0823473, -69.0571014], "NEW PORTLAND": [44.884224, -70.0967304], "SUMNER": [37.2435967, -97.4792142], "LIVERMORE": [37.6820583, -121.768053], "BOWERBANK": [35.3994055, -119.4084485], "RANGELEY": [44.9653284, -70.6430257], "SOLON": [41.8072344, -91.4940604], "PORTLAND": [45.5202471, -122.674194], "HEBRON": [42.4716853, -88.432318], "DRESDEN": [39.6241709, -100.4223636], "NORTH MONMOUTH": [44.2778478, -70.0308851], "MONMOUTH": [40.2932319, -74.1671114], "CUSHING": [42.46576, -95.6751047], "COLEBROOK": [44.8942649, -71.4964125], "CASTINE": [44.3878303, -68.7966248], "DURHAM": [35.996653, -78.9018053], "EDMUNDSTON": [47.3597074, -68.3312285], "BOOTHBAY HARBOR": [43.8516523, -69.6280608], "SHAPLEIGH": [43.5406476, -70.8474271], "BRADFORD": [41.7746685, -76.5264613], "PALERMO": [43.365069, -76.282431], "DANFORTH": [40.820312, -87.977818], "WHITING": [42.1275504, -96.1524914], "NORRIDGEWOCK": [44.713074, -69.790649], "EDGECOMB": [43.9586733, -69.6304341], "HARRINGTON": [38.9237244, -75.5777033], "EASTPORT": [44.9050394, -66.9846372], "PITTSBURG": [34.9327085, -95.7625858], "BINGHAM": [43.1881598, -112.3598354], "PORTSMOUTH": [36.8320081, -76.297699], "FAIRFIELD": [39.7886111, -82.6418883], "SAINT ALBANS": [44.8107911, -73.0833607], "JAY": [40.4370864, -85.0212356], "GARLAND": [32.912624, -96.6388833], "EXETER": [42.981477, -70.9478343], "OAKLAND": [37.8044557, -122.271356], "WOODSTOCK": [42.0410578, -74.1182492], "TROY": [42.7284117, -73.6917878], "EUSTIS": [28.8527675, -81.6853534], "BENTON": [42.0599693, -92.0776319], "GARDINER": [44.2296662, -69.7731429], "POLAND": [41.024226, -80.614795], "BUCKFIELD": [44.289944, -70.365372], "WHITEFIELD": [44.3731286, -71.6119661], "WILLIMANTIC": [41.7121364, -72.2147434], "MECHANIC FALLS": [44.111747, -70.392151], "ERROL": [44.7811103, -71.13821], "SEDGWICK": [37.6448148, -97.4641388], "THORNDIKE": [44.5784219, -69.2773037], "WINTERPORT": [44.6380042, -68.8452778], "MILO": [41.2870633, -93.4391254], "NORTH EAST CARRY": [45.8677941, -69.6302031], "PASSADUMKEAG": [45.1850947, -68.6132762], "WOOLWICH": [43.9170048, -69.8015193], "BROWNFIELD": [33.1811661, -102.274237], "PHILLIPS": [40.5888329, -102.3701723], "UNITY": [43.2928977, -72.2589414], "RANDOLPH": [38.0472916, -89.8107962], "SMITHFIELD": [35.5111996, -78.346102], "LITCHFIELD": [41.747319, -73.1887243], "SAINT JOHNSBURY": [44.419494, -72.0156532], "LIMINGTON": [43.7317442, -70.7108924], "MOUNT DESERT": [44.2937483, -68.2890678], "WINSLOW": [35.016919, -110.7257555], "YARMOUTH": [43.8009132, -70.187578], "HARRISON": [32.5233959, -94.3982158], "OSBORN": [44.8038893, -68.3152144], "WALDOBORO": [44.095361, -69.3757748], "WEST FORKS": [45.3969946, -70.0361746], "LIVERMORE FALLS": [44.4724293, -70.1895554], "VASSALBORO": [44.4595251, -69.6778992], "SEBAGO": [43.8915218, -70.6986094], "HAMPDEN": [42.1285315, -72.6063441], "KENDUSKEAG": [44.920084, -68.931656], "BIDDEFORD": [43.4925843, -70.4533844], "CANAAN": [43.6465313, -72.0119915], "LOWELL": [42.6414437, -71.3085329], "DEER ISLE": [44.224044, -68.677597], "MILTON": [42.2501425, -71.065573], "ROME": [43.2102196, -75.4583956], "BUSTINS ISLAND": [43.8001579, -70.0709659], "BUCKSPORT": [44.5718672, -68.7942156], "LIMERICK": [43.6884697, -70.7948584], "HANCOCK": [40.3941712, -91.1458063], "WEST BALDWIN": [43.8390935, -70.756259], "READFIELD": [44.3878453, -69.9667188], "CHESUNCOOK": [46.0603181, -69.4094996], "ROCKLAND": [41.1519319, -74.0357266], "HOLLIS": [42.7431621, -71.591333], "BEAR ISLAND": [44.2838359, -68.2685742], "MONSON": [45.287448, -69.501572], "WEST ENFIELD": [45.2433889, -68.6497496], "WINTHROP": [42.3746525, -70.9825807], "PENOBSCOT": [45.2930166, -68.5957766], "GUILFORD": [36.0875688, -79.7888515], "STONINGTON": [41.3359327, -71.9059042], "BOWDOINHAM": [44.0098907, -69.8969355], "WASHINGTON": [38.8950368, -77.0365427], "WOODSVILLE": [44.1522971, -72.0370393], "STRONG": [33.1103602, -92.3565792], "ISLESBORO": [44.3084113, -68.9033651], "NEWBURGH": [41.5000767, -74.0098299], "ALNA": [44.0800341, -69.6178847], "MILBRIDGE": [44.5353533, -67.881173], "RIPLEY": [36.6478735, -90.8887906], "ASHLAND": [40.7887367, -82.2360391], "PORTER": [41.4457032, -87.0724971], "WINN": [31.947293, -92.6401816], "TOPSHAM": [43.9247398, -69.9635448], "WELD": [40.5632344, -104.4835287], "OGUNQUIT": [43.2489755, -70.5992201], "CLAYTON LAKE": [46.6108333, -69.5222222], "ANSON": [34.9705848, -80.0958187], "MARIAVILLE": [44.7206287, -68.4155785], "STEUBEN": [42.2359045, -77.3750862], "STONEHAM": [42.4802635, -71.0993581], "CHARLESTON": [32.7884363, -79.9399309], "VANCEBORO": [45.5634998, -67.4297657], "RICHMOND": [37.5385087, -77.43428], "WEST GARDINER": [44.2275355, -69.8768446], "UNION": [37.4616454, -89.2504793], "PRINCETON": [40.3496953, -74.6597376], "MOUNT VERNON": [40.9125085, -73.8386504], "GREENE": [39.8513322, -80.2466384], "NORTH ANSON": [44.86196, -69.9003835], "DIXFIELD": [44.5312668, -70.4569591], "NORTH NEW PORTLAND": [44.9253554, -70.0224693], "T4 R13": [46.7949724, -69.4036337], "BROOKTON": [45.5297905, -67.7655624], "PALMYRA": [5.882204, -162.0748745], "LINCOLNVILLE": [38.4933471, -96.9600163], "ACTON": [34.4807415, -118.1868379], "LISBON FALLS": [43.9960732, -70.0608898], "FRENCHVILLE": [47.281092, -68.38028], "STEEP FALLS": [43.7937603, -70.6521114], "MORRILL": [41.683432, -103.0100258], "EAST MACHIAS": [44.739244, -67.3899904], "HIRAM": [43.8787168, -70.8031838], "STETSON TWP": [41.848065, -87.6622424], "SANBORNVILLE": [43.5539309, -71.0304858], "GREENBUSH": [44.5877917, -83.3163567], "TRENTON": [40.2203074, -74.7659], "ANDOVER": [42.65717, -71.1408776], "DETROIT": [42.3315509, -83.0466403], "LACONIA": [43.5278546, -71.470351], "SABATTUS": [44.1197959, -70.107553], "NORTH YARMOUTH": [43.8289389, -70.2487493],